eez_territory1,eez_pol_type,n_obs,n_spp,idx_obis_wdpa
Colombia,200NM,53049,5887,0.5009252259134761
Costa Rica,200NM,19714,2180,0.505673962656455
Ecuador,200NM,4872,1166,0.49694565327088436
Galapagos,200NM,52505,1592,0.5197698549233346
Panama,200NM,59186,4811,0.5028700045495098
